year,Population
1901,238000000
1902,240285714
1903,242571428
1904,244857142
1905,247142857
1906,249428571
1907,251714285
1908,254000000
1909,256285714
1910,258571428
1911,260857142
1912,263142857
1913,265428571
1914,267714285
1915,270000000
1916,272285714
1917,274571428
1918,276857142
1919,279142857
1920,281428571
1921,283714285
1922,286000000
1923,288285714
1924,290571428
1925,292857142
1926,295142857
1927,297428571
1928,299714285
1929,302000000
1930,304285714
1931,306571428
1932,308857142
1933,311142857
1934,313428571
1935,315714285
1936,318000000
1937,320285714
1938,322571428
1939,324857142
1940,327142857
1941,329428571
1942,331714285
1943,334000000
1944,336285714
1945,338571428
1946,340857142
1947,343142857
1948,345428571
1949,347714285
1950,350000000
1951,363000000
1952,376000000
1953,389000000
1954,402000000
1955,415000000
1956,428000000
1957,441000000
1958,454000000
1959,467000000
1960,480000000
1961,493000000
1962,506000000
1963,519000000
1964,532000000
1965,545000000
1966,558000000
1967,571000000
1968,584000000
1969,597000000
1970,610000000
1971,623000000
1972,636000000
1973,649000000
1974,662000000
1975,675000000
1976,688000000
1977,701000000
1978,714000000
1979,727000000
1980,740000000
1981,753000000
1982,766000000
1983,779000000
1984,792000000
1985,805000000
1986,818000000
1987,831000000
1988,844000000
1989,857000000
1990,870000000
1991,883000000
1992,896000000
1993,909000000
1994,922000000
1995,935000000
1996,948000000
1997,961000000
1998,974000000
1999,987000000
2000,1000000000
2001,1018693406
2002,1037386812
2003,1056080218
2004,1074773624
2005,1093467031
2006,1112160437
2007,1130853843
2008,1149547249
2009,1168240656
2010,1186934062
2011,1205627468
2012,1224320874
2013,1243014281
2014,1261707687
2015,1280401093
2016,1299094499
2017,1317787906
2018,1336481312
2019,1355174718
2020,1373868124
2021,1392561531
2022,1411254937
2023,1429948343
2024,1448641749
2025,1467335156
2026,1477606502
2027,1487949747
2028,1498365395
2029,1508853953
2030,1519415931
2031,1530051842
2032,1540762205
2033,1551547541
2034,1562408373
2035,1573345232
2036,1584358649
2037,1595449159
2038,1606617303
2039,1617863624
2040,1629188670
2041,1640592991
2042,1652077141
2043,1663641681
2044,1675287173
2045,1687014183
2046,1698823283
2047,1710715046
2048,1722690051
2049,1734748881
2050,1746892124
2051,1759120368
2052,1771434211
2053,1783834251
2054,1796321090
2055,1808895338
2056,1821557605
2057,1834308509
2058,1847148668
2059,1860078709
2060,1873099260
2061,1869353061
2062,1865614355
2063,1861883126
2064,1858159360
2065,1854443041
2066,1850734155
2067,1847032687
2068,1843338621
2069,1839651944
2070,1835972640
2071,1832300695
2072,1828636094
2073,1824978821
2074,1821328864
2075,1817686206
2076,1814050834
2077,1810422732
2078,1806801886
2079,1803188283
2080,1799581906
2081,1795982742
2082,1792390777
2083,1788805995
2084,1785228383
2085,1781657927
2086,1778094611
2087,1774538421
2088,1770989345
2089,1767447366
2090,1763912471
2091,1760384646
2092,1756863877
2093,1753350149
2094,1749843449
2095,1746343762
2096,1742851074
2097,1739365372
2098,1735886642
2099,1732414868
2100,1728950039
